,contentId,contentType,userId,userBrief,isTop,momentData,subjectData,voteData,frequencyData,extraInfo,tagList,hasJobInfo,companyIds,jobSubscript,recommendImageAdCard,recommendData,recommendReason
0,2085675,74,600328473,"{'userId': 600328473, 'nickname': '我爱巧克力🍫', 'admin': False, 'followed': False, 'authDisplayInfo': '门头沟学院 计算机类', 'headImgUrl': 'https://uploadfiles.nowcoder.com/images/20231208/600328473_1702017258906/FECD76F09C4EFFA7102ECDBC1795FB3B', 'gender': '女', 'headDecorateUrl': '', 'honorLevel': 3, 'honorLevelName': '进阶牛 Lv.2', 'honorLevelColor': '418ac3', 'workTime': '2024', 'educationInfo': '门头沟学院', 'identityList': None, 'activityIconList': [], 'memberIdentity': 0, 'memberStartTime': None, 'memberEndTime': None, 'enterpriseInfo': None}",,"{'ip4': '183.158.73.182', 'ip4Location': '', 'id': 2085675, 'uuid': '73c65c0d93c14aeba2d1dd9dd062bc48', 'userId': 600328473, 'title': '', 'newTitle': None, 'content': '这几天把 快手 腾讯 字节 面了个遍\n <a href=""/creation/subject/61bc672e891646c6b5758d3ecc014387"" target=""_blank"" class=""subject font-green"" nc-subject-type=""0"" nc-subject-tag-id=""0"">#面试#</a> ', 'newContent': None, 'type': 2, 'status': 0, 'hasEdit': False, 'isAnonymousFlag': False, 'beMyOnly': False, 'linkMoment': None, 'imgMoment': [{'src': 'https://uploadfiles.nowcoder.com/message_images/20231211/600328473_1702298426742/discuss_1702298425870.jpeg', 'alt': 'discuss_1702298425870.jpeg', 'width': 784, 'height': 865}, {'src': 'https://uploadfiles.nowcoder.com/message_images/20231211/600328473_1702298426430/discuss_1702298425573.jpeg', 'alt': 'discuss_1702298425573.jpeg', 'width': 784, 'height': 1600}, {'src': 'https://uploadfiles.nowcoder.com/message_images/20231211/600328473_1702298426218/discuss_1702298425376.jpeg', 'alt': 'discuss_1702298425376.jpeg', 'width': 892, 'height': 1024}], 'clockMoment': None, 'videoMoment': None, 'createdAt': 1702298438000, 'circle': None, 'editTime': 1702298438000}",[],"{'voteId': 0, 'withVote': False, 'voteTitle': None, 'voteType': None}","{'likeCnt': 11, 'followCnt': 5, 'commentCnt': 8, 'viewCnt': 3766, 'totalCommentCnt': 13, 'shareCnt': 0, 'isLike': False, 'isFollow': False}","{'trackID_var': '2cnhsoe9o4g5iv153wmu9', 'contentID_var': '2085675', 'dolphin_var': '1.703994642999E9;;;0;feed', 'trackId': '2cnhsoe9o4g5iv153wmu9', 'entityId': '740002085675', 'entityID_var': '740002085675'}",,True,"[898, 665, 138]","{'entityId': '2085675-74', 'jobIcon': 'https://static.nowcoder.com/fe/file/images/nowpick/hd/content_recommend_icon.png', 'jobMessage': '投递快手等公司10个岗位'}",,"{'entityType': 74, 'entityId': 2085675, 'trackId': '2cnhsoe9o4g5iv153wmu9', 'extraInfo': {'trackID_var': '2cnhsoe9o4g5iv153wmu9', 'contentID_var': '2085675', 'dolphin_var': '1.703994642999E9;;;0;feed', 'trackId': '2cnhsoe9o4g5iv153wmu9', 'entityId': '740002085675', 'entityID_var': '740002085675'}}",
1,2099638,74,637954500,"{'userId': 637954500, 'nickname': '牛客637954500号', 'admin': False, 'followed': False, 'authDisplayInfo': '重庆邮电大学 电子信息类', 'headImgUrl': 'https://static.nowcoder.com/head/header0006.png', 'gender': None, 'headDecorateUrl': '', 'honorLevel': 2, 'honorLevelName': '小白牛 Lv.1', 'honorLevelColor': 'c278e7', 'workTime': '2024', 'educationInfo': '重庆邮电大学', 'identityList': None, 'activityIconList': [], 'memberIdentity': 0, 'memberStartTime': None, 'memberEndTime': None, 'enterpriseInfo': None}",,"{'ip4': '113.204.52.211', 'ip4Location': '', 'id': 2099638, 'uuid': 'ab4fa28323c44b9ab76c096b677304fc', 'userId': 637954500, 'title': '哈哈哈哈', 'newTitle': None, 'content': '哈哈哈哈哈哈哈', 'newContent': None, 'type': 2, 'status': 0, 'hasEdit': False, 'isAnonymousFlag': False, 'beMyOnly': False, 'linkMoment': None, 'imgMoment': [{'src': 'https://uploadfiles.nowcoder.com/message_images/20231227/637954500_1703676721181/discuss_1703676720763.jpeg', 'alt': 'discuss_1703676720763.jpeg', 'width': 1260, 'height': 1680}], 'clockMoment': None, 'videoMoment': None, 'createdAt': 1703676723000, 'circle': None, 'editTime': 1703676723000}",[],"{'voteId': 0, 'withVote': False, 'voteTitle': None, 'voteType': None}","{'likeCnt': 1, 'followCnt': 0, 'commentCnt': 11, 'viewCnt': 801, 'totalCommentCnt': 11, 'shareCnt': 0, 'isLike': False, 'isFollow': False}","{'trackID_var': '2cnhsoe9o4g5iv153wmu9', 'contentID_var': '2099638', 'dolphin_var': '1.703994642998E9;;;0;feed', 'trackId': '2cnhsoe9o4g5iv153wmu9', 'entityId': '740002099638', 'entityID_var': '740002099638'}",,True,[],,,"{'entityType': 74, 'entityId': 2099638, 'trackId': '2cnhsoe9o4g5iv153wmu9', 'extraInfo': {'trackID_var': '2cnhsoe9o4g5iv153wmu9', 'contentID_var': '2099638', 'dolphin_var': '1.703994642998E9;;;0;feed', 'trackId': '2cnhsoe9o4g5iv153wmu9', 'entityId': '740002099638', 'entityID_var': '740002099638'}}",
2,2098459,74,900633756,"{'userId': 900633756, 'nickname': '天选打工人2号', 'admin': False, 'followed': False, 'authDisplayInfo': 'National University of Singapore 机械类', 'headImgUrl': 'https://uploadfiles.nowcoder.com/images/20220714/900633756_1657759601057/857F1D8C42A5609A9F3D7D5C39361077', 'gender': None, 'headDecorateUrl': '', 'honorLevel': 4, 'honorLevelName': '出师牛 Lv.3', 'honorLevelColor': '10b4d2', 'workTime': '2024', 'educationInfo': 'National University of Singapore', 'identityList': None, 'activityIconList': [], 'memberIdentity': 0, 'memberStartTime': None, 'memberEndTime': None, 'enterpriseInfo': None}",,"{'ip4': '112.2.203.147', 'ip4Location': '', 'id': 2098459, 'uuid': '0f86e8a66c044404879bfcb6e3a9e586', 'userId': 900633756, 'title': 'byd毁约', 'newTitle': None, 'content': 'byd毁约。估计是招满了。23届的招聘确定无疑是在做善事。', 'newContent': None, 'type': 2, 'status': 0, 'hasEdit': False, 'isAnonymousFlag': False, 'beMyOnly': False, 'linkMoment': None, 'imgMoment': [{'src': 'https://uploadfiles.nowcoder.com/images/20231226/900633756_1703578571005/20FDE09BF8B6B60ED4EBA0BB161CCBBB', 'alt': '94K2iW0j3YH5FVfecXJp8I8IglE50MWN.jpg', 'width': 1440, 'height': 219}], 'clockMoment': None, 'videoMoment': None, 'createdAt': 1703578649000, 'circle': None, 'editTime': 1703578649000}",[],"{'voteId': 0, 'withVote': False, 'voteTitle': None, 'voteType': None}","{'likeCnt': 21, 'followCnt': 16, 'commentCnt': 16, 'viewCnt': 6729, 'totalCommentCnt': 29, 'shareCnt': 0, 'isLike': False, 'isFollow': False}","{'trackID_var': '2cnhsoe9o4g5iv153wmu9', 'contentID_var': '2098459', 'dolphin_var': '1.703994642997E9;;;0;feed', 'trackId': '2cnhsoe9o4g5iv153wmu9', 'entityId': '740002098459', 'entityID_var': '740002098459'}",,,,,,"{'entityType': 74, 'entityId': 2098459, 'trackId': '2cnhsoe9o4g5iv153wmu9', 'extraInfo': {'trackID_var': '2cnhsoe9o4g5iv153wmu9', 'contentID_var': '2098459', 'dolphin_var': '1.703994642997E9;;;0;feed', 'trackId': '2cnhsoe9o4g5iv153wmu9', 'entityId': '740002098459', 'entityID_var': '740002098459'}}","[{'recommendReason': 'Java岗位热议', 'type': 'JOB_HOT'}]"
3,2098528,74,931955525,"{'userId': 931955525, 'nickname': '一直努力噢', 'admin': False, 'followed': False, 'authDisplayInfo': '湖南工业大学 管理科学与工程类', 'headImgUrl': 'https://uploadfiles.nowcoder.com/images/20230529/931955525_1685369490182/C82ECF0EF06E5C804D438767B07C72A6', 'gender': '男', 'headDecorateUrl': '', 'honorLevel': 5, 'honorLevelName': '青出于蓝 Lv.4', 'honorLevelColor': '42c1a2', 'workTime': '2025', 'educationInfo': '湖南工业大学', 'identityList': None, 'activityIconList': [], 'memberIdentity': 0, 'memberStartTime': None, 'memberEndTime': None, 'enterpriseInfo': None}",,"{'ip4': '116.162.134.73', 'ip4Location': '', 'id': 2098528, 'uuid': 'c76f06f716c34df4baf49708020bbfa2', 'userId': 931955525, 'title': '终于到我了！', 'newTitle': None, 'content': '历时两个多月，终于拿了一家的offer了😇😇谈好薪资和待遇直接润了。在找实习的过程中虽然免不了被疯狂拷打，也抱着去大厂的目标冲刺，但是实在是准备了一年的时间还不够，简历上也没什么亮点，拿到一个小厂的也满足了，终于可以放松啦！😋😋😋双非鼠暂时满足了，接下来一边实习一边学习了 <a href=""/creation/subject/ffcfa993ea7b461c892a82148a3ef160"" target=""_blank"" class=""subject font-green"" nc-subject-type=""0"" nc-subject-tag-id=""0"">#晒一晒我的offer#</a> <a href=""/creation/subject/5e8d2f3639204d0d87734df48cb3fb49"" target=""_blank"" class=""subject font-green"" nc-subject-type=""0"" nc-subject-tag-id=""0"">#我的实习求职记录#</a> ', 'newContent': None, 'type': 2, 'status': 0, 'hasEdit': False, 'isAnonymousFlag': False, 'beMyOnly': False, 'linkMoment': None, 'imgMoment': [{'src': 'https://uploadfiles.nowcoder.com/message_images/20231226/931955525_1703581601170/discuss_1703581600276.jpeg', 'alt': 'discuss_1703581600276.jpeg', 'width': 1080, 'height': 2006}], 'clockMoment': None, 'videoMoment': None, 'createdAt': 1703581665000, 'circle': None, 'editTime': 1703581665000}","[{'hadVote': 0, 'id': 38210, 'subjectType': 0, 'tagId': 0, 'content': '晒一晒我的offer', 'createdAt': 1684306214000, 'hotValue': 0, 'uuid': 'ffcfa993ea7b461c892a82148a3ef160', 'subjectExt': '终于接到offer啦！🎉\n来晒一下你收到的offer吧，一起沾沾喜气！🙏', 'creatorId': 77679005, 'syntaxType': 0, 'status': 0, 'topFeedUuid': 'f9aafd3135184587a3fe7fadd9b7c2b9', 'subjectLogo': None, 'momentCnt': None, 'viewCnt': None, 'isFollow': None, 'official': 1, 'subjectFlag': 3, 'activityPrizeIcon': None}, {'hadVote': 0, 'id': 34947, 'subjectType': 0, 'tagId': 0, 'content': '我的实习求职记录', 'createdAt': 1675344701000, 'hotValue': 0, 'uuid': '5e8d2f3639204d0d87734df48cb3fb49', 'subjectExt': '眼看着春招越来越近，大家的实习求职进展都怎么样了呀？和小伙伴们一起交流讨论下吧~', 'creatorId': 77679005, 'syntaxType': 0, 'status': 0, 'topFeedUuid': '9f16670243954155b5fe23d7b38ef8ff', 'subjectLogo': None, 'momentCnt': None, 'viewCnt': None, 'isFollow': None, 'official': 1, 'subjectFlag': 1, 'activityPrizeIcon': None}]","{'voteId': 0, 'withVote': False, 'voteTitle': None, 'voteType': None}","{'likeCnt': 3, 'followCnt': 0, 'commentCnt': 9, 'viewCnt': 836, 'totalCommentCnt': 18, 'shareCnt': 0, 'isLike': False, 'isFollow': False}","{'trackID_var': '2cnhsoe9o4g5iv153wmu9', 'contentID_var': '2098528', 'dolphin_var': '1.703994642996E9;;;1;feed', 'trackId': '2cnhsoe9o4g5iv153wmu9', 'entityId': '740002098528', 'entityID_var': '740002098528'}",,,,,,"{'entityType': 74, 'entityId': 2098528, 'trackId': '2cnhsoe9o4g5iv153wmu9', 'extraInfo': {'trackID_var': '2cnhsoe9o4g5iv153wmu9', 'contentID_var': '2098528', 'dolphin_var': '1.703994642996E9;;;1;feed', 'trackId': '2cnhsoe9o4g5iv153wmu9', 'entityId': '740002098528', 'entityID_var': '740002098528'}}",
4,2099356,74,620506941,"{'userId': 620506941, 'nickname': '在午休的无尾熊很健谈', 'admin': False, 'followed': False, 'authDisplayInfo': '门头沟学院 计算机类', 'headImgUrl': 'https://static.nowcoder.com/head/2photo.jpg', 'gender': '男', 'headDecorateUrl': '', 'honorLevel': 3, 'honorLevelName': '进阶牛 Lv.2', 'honorLevelColor': '418ac3', 'workTime': '2024', 'educationInfo': '门头沟学院', 'identityList': None, 'activityIconList': [], 'memberIdentity': 0, 'memberStartTime': None, 'memberEndTime': None, 'enterpriseInfo': None}",,"{'ip4': '0.0.0.0', 'ip4Location': '', 'id': 2099356, 'uuid': '8212051189fe47b090ddf148f80b6660', 'userId': 620506941, 'title': '就业形势稳中向好', 'newTitle': None, 'content': '通通给我灵活就业😋\n <a href=""/creation/subject/84b85f593e104d21b9519199e370a8b1"" target=""_blank"" class=""subject font-green"" nc-subject-type=""0"" nc-subject-tag-id=""0"">#你觉得今年秋招难吗#</a> <a href=""/creation/subject/228cbaa375a14fcaa29bb5b357a9f75f"" target=""_blank"" class=""subject font-green"" nc-subject-type=""0"" nc-subject-tag-id=""0"">#你的秋招进行到哪一步了#</a> ', 'newContent': None, 'type': 2, 'status': 0, 'hasEdit': False, 'isAnonymousFlag': False, 'beMyOnly': False, 'linkMoment': None, 'imgMoment': [{'src': 'https://uploadfiles.nowcoder.com/message_images/20231227/620506941_1703661801246/discuss_1703661799594.jpeg', 'alt': 'discuss_1703661799594.jpeg', 'width': 1500, 'height': 2000}], 'clockMoment': None, 'videoMoment': None, 'createdAt': 1703661928000, 'circle': None, 'editTime': 1703665822000}","[{'hadVote': 1, 'id': 30641, 'subjectType': 0, 'tagId': 0, 'content': '你觉得今年秋招难吗', 'createdAt': 1660804051000, 'hotValue': 0, 'uuid': '84b85f593e104d21b9519199e370a8b1', 'subjectExt': '看到清华大佬都被直接挂简历，惊呆了，你觉得今年的秋招难嘛？', 'creatorId': 77679005, 'syntaxType': 0, 'status': 0, 'topFeedUuid': 'f78851de867645f49866a554dce6aeea', 'subjectLogo': None, 'momentCnt': None, 'viewCnt': None, 'isFollow': None, 'official': 1, 'subjectFlag': 1, 'activityPrizeIcon': None}, {'hadVote': 0, 'id': 40586, 'subjectType': 0, 'tagId': 0, 'content': '你的秋招进行到哪一步了', 'createdAt': 1692073699000, 'hotValue': 0, 'uuid': '228cbaa375a14fcaa29bb5b357a9f75f', 'subjectExt': '看到有的大佬已经拿到offer，你的秋招进行到哪一步了呢\n\n', 'creatorId': 757795936, 'syntaxType': 0, 'status': 0, 'topFeedUuid': '', 'subjectLogo': None, 'momentCnt': None, 'viewCnt': None, 'isFollow': None, 'official': 1, 'subjectFlag': 1, 'activityPrizeIcon': None}]","{'voteId': 108316, 'withVote': True, 'voteTitle': '24届秋招调查', 'voteType': 1}","{'likeCnt': 2, 'followCnt': 0, 'commentCnt': 3, 'viewCnt': 980, 'totalCommentCnt': 4, 'shareCnt': 0, 'isLike': False, 'isFollow': False}","{'trackID_var': '2cnhsoe9o4g5iv153wmu9', 'contentID_var': '2099356', 'dolphin_var': '1.703994642995E9;;;0;feed', 'trackId': '2cnhsoe9o4g5iv153wmu9', 'entityId': '740002099356', 'entityID_var': '740002099356'}",,,,,,"{'entityType': 74, 'entityId': 2099356, 'trackId': '2cnhsoe9o4g5iv153wmu9', 'extraInfo': {'trackID_var': '2cnhsoe9o4g5iv153wmu9', 'contentID_var': '2099356', 'dolphin_var': '1.703994642995E9;;;0;feed', 'trackId': '2cnhsoe9o4g5iv153wmu9', 'entityId': '740002099356', 'entityID_var': '740002099356'}}",
5,2098674,74,62967272,"{'userId': 62967272, 'nickname': '我只能假笑扮从容', 'admin': False, 'followed': False, 'authDisplayInfo': '门头沟学院 管理科学与工程类', 'headImgUrl': 'https://uploadfiles.nowcoder.com/images/20231030/62967272_1698641114159/FECD76F09C4EFFA7102ECDBC1795FB3B', 'gender': '男', 'headDecorateUrl': 'https://uploadfiles.nowcoder.com/files/20220606/318889480_1654482441552/4-pc.png', 'honorLevel': 7, 'honorLevelName': '大橘已定 Lv.6', 'honorLevelColor': 'fc7123', 'workTime': '2023', 'educationInfo': '门头沟学院', 'identityList': None, 'activityIconList': [], 'memberIdentity': 0, 'memberStartTime': None, 'memberEndTime': None, 'enterpriseInfo': None}",,"{'ip4': '112.97.80.229', 'ip4Location': '', 'id': 2098674, 'uuid': '976acd0bbd7440808098946bc46404f8', 'userId': 62967272, 'title': '23届终于有工作了呜呜呜', 'newTitle': None, 'content': '失业大半年了\n双非计算机转商业策划去了 \n过程真的一言难尽\n有机会再写写心路历程😭\n <a href=""/creation/subject/ffcfa993ea7b461c892a82148a3ef160"" target=""_blank"" class=""subject font-green"" nc-subject-type=""0"" nc-subject-tag-id=""0"">#晒一晒我的offer#</a> \n <a href=""/creation/subject/ce698db6322b463bb07d6ff76551ca3b"" target=""_blank"" class=""subject font-green"" nc-subject-type=""0"" nc-subject-tag-id=""0"">#如果可以选，你最想从事什么工作#</a> \n <a href=""/creation/subject/6aaf7525961b471ca1ee6f15eaad60a4"" target=""_blank"" class=""subject font-green"" nc-subject-type=""0"" nc-subject-tag-id=""0"">#我的求职思考#</a> \n <a href=""/creation/subject/77a7cd3045c34927821171bbc13432e1"" target=""_blank"" class=""subject font-green"" nc-subject-type=""0"" nc-subject-tag-id=""0"">#23届找工作求助阵地#</a> <a href=""/creation/subject/80e01338914f41f9adc922483ab916e8"" target=""_blank"" class=""subject font-green"" nc-subject-type=""0"" nc-subject-tag-id=""0"">#在找工作求抱抱#</a> ', 'newContent': None, 'type': 2, 'status': 0, 'hasEdit': False, 'isAnonymousFlag': False, 'beMyOnly': False, 'linkMoment': None, 'imgMoment': [{'src': 'https://uploadfiles.nowcoder.com/message_images/20231226/62967272_1703589407659/discuss_1703589406102.jpeg', 'alt': 'discuss_1703589406102.jpeg', 'width': 1079, 'height': 780}], 'clockMoment': None, 'videoMoment': None, 'createdAt': 1703589649000, 'circle': None, 'editTime': 1703589649000}","[{'hadVote': 0, 'id': 38210, 'subjectType': 0, 'tagId': 0, 'content': '晒一晒我的offer', 'createdAt': 1684306214000, 'hotValue': 0, 'uuid': 'ffcfa993ea7b461c892a82148a3ef160', 'subjectExt': '终于接到offer啦！🎉\n来晒一下你收到的offer吧，一起沾沾喜气！🙏', 'creatorId': 77679005, 'syntaxType': 0, 'status': 0, 'topFeedUuid': 'f9aafd3135184587a3fe7fadd9b7c2b9', 'subjectLogo': None, 'momentCnt': None, 'viewCnt': None, 'isFollow': None, 'official': 1, 'subjectFlag': 3, 'activityPrizeIcon': None}, {'hadVote': 0, 'id': 32963, 'subjectType': 0, 'tagId': 0, 'content': '如果可以选，你最想从事什么工作', 'createdAt': 1667793270000, 'hotValue': 0, 'uuid': 'ce698db6322b463bb07d6ff76551ca3b', 'subjectExt': '躺还是卷，这是一个问题', 'creatorId': 999991353, 'syntaxType': 0, 'status': 0, 'topFeedUuid': '97168a23a95f45ba959dda648424323b', 'subjectLogo': None, 'momentCnt': None, 'viewCnt': None, 'isFollow': None, 'official': 1, 'subjectFlag': 1, 'activityPrizeIcon': None}]","{'voteId': 0, 'withVote': False, 'voteTitle': None, 'voteType': None}","{'likeCnt': 4, 'followCnt': 1, 'commentCnt': 8, 'viewCnt': 1162, 'totalCommentCnt': 13, 'shareCnt': 0, 'isLike': False, 'isFollow': False}","{'trackID_var': '2cnhsoe9o4g5iv153wmu9', 'contentID_var': '2098674', 'dolphin_var': '1.703994642994E9;;;0;feed', 'trackId': '2cnhsoe9o4g5iv153wmu9', 'entityId': '740002098674', 'entityID_var': '740002098674'}",,True,[],,,"{'entityType': 74, 'entityId': 2098674, 'trackId': '2cnhsoe9o4g5iv153wmu9', 'extraInfo': {'trackID_var': '2cnhsoe9o4g5iv153wmu9', 'contentID_var': '2098674', 'dolphin_var': '1.703994642994E9;;;0;feed', 'trackId': '2cnhsoe9o4g5iv153wmu9', 'entityId': '740002098674', 'entityID_var': '740002098674'}}",
6,2095729,74,740411479,"{'userId': 740411479, 'nickname': '温柔的乌龟愿offer多多', 'admin': False, 'followed': False, 'authDisplayInfo': 'å\x90\x88è\x82¥å·¥ä¸\x9aå¤§å\xad¦', 'headImgUrl': 'https://static.nowcoder.com/head/header0002.png', 'gender': None, 'headDecorateUrl': '', 'honorLevel': 2, 'honorLevelName': '小白牛 Lv.1', 'honorLevelColor': 'c278e7', 'workTime': '2025', 'educationInfo': 'å\x90\x88è\x82¥å·¥ä¸\x9aå¤§å\xad¦', 'identityList': None, 'activityIconList': [], 'memberIdentity': 0, 'memberStartTime': None, 'memberEndTime': None, 'enterpriseInfo': None}",,"{'ip4': '223.104.34.110', 'ip4Location': '', 'id': 2095729, 'uuid': 'e70eca5ecba7499aa33e25b1b4055490', 'userId': 740411479, 'title': '大三实习', 'newTitle': None, 'content': '这样简历可以吗，为啥找不到寒假实习啊', 'newContent': None, 'type': 2, 'status': 0, 'hasEdit': False, 'isAnonymousFlag': False, 'beMyOnly': False, 'linkMoment': None, 'imgMoment': [{'src': 'https://uploadfiles.nowcoder.com/message_images/20231222/740411479_1703226962847/discuss_1703226962540.jpeg', 'alt': 'discuss_1703226962540.jpeg', 'width': 720, 'height': 1313}], 'clockMoment': None, 'videoMoment': None, 'createdAt': 1703226984000, 'circle': None, 'editTime': 1703226984000}",[],"{'voteId': 0, 'withVote': False, 'voteTitle': None, 'voteType': None}","{'likeCnt': 3, 'followCnt': 4, 'commentCnt': 26, 'viewCnt': 2321, 'totalCommentCnt': 37, 'shareCnt': 0, 'isLike': False, 'isFollow': False}","{'trackID_var': '2cnhsoe9o4g5iv153wmu9', 'contentID_var': '2095729', 'dolphin_var': '1.703994642993E9;;;1;feed', 'trackId': '2cnhsoe9o4g5iv153wmu9', 'entityId': '740002095729', 'entityID_var': '740002095729'}",,True,[],,,"{'entityType': 74, 'entityId': 2095729, 'trackId': '2cnhsoe9o4g5iv153wmu9', 'extraInfo': {'trackID_var': '2cnhsoe9o4g5iv153wmu9', 'contentID_var': '2095729', 'dolphin_var': '1.703994642993E9;;;1;feed', 'trackId': '2cnhsoe9o4g5iv153wmu9', 'entityId': '740002095729', 'entityID_var': '740002095729'}}","[{'recommendReason': 'Java岗位热议', 'type': 'JOB_HOT'}]"
7,2100774,74,615834820,"{'userId': 615834820, 'nickname': '怕黑的鲸鱼想交流', 'admin': False, 'followed': False, 'authDisplayInfo': '河北工业大学 计算机类', 'headImgUrl': 'https://static.nowcoder.com/head/788m.png', 'gender': None, 'headDecorateUrl': '', 'honorLevel': 2, 'honorLevelName': '小白牛 Lv.1', 'honorLevelColor': 'c278e7', 'workTime': '2024', 'educationInfo': '河北工业大学', 'identityList': None, 'activityIconList': [], 'memberIdentity': 0, 'memberStartTime': None, 'memberEndTime': None, 'enterpriseInfo': None}",,"{'ip4': '42.80.122.233', 'ip4Location': '', 'id': 2100774, 'uuid': '2fd22366378e4c20afb81a7d7cd939f8', 'userId': 615834820, 'title': '', 'newTitle': None, 'content': 'xdm，我这简历行吗，想赶紧找个工作或实习之类的。', 'newContent': None, 'type': 2, 'status': 0, 'hasEdit': False, 'isAnonymousFlag': False, 'beMyOnly': False, 'linkMoment': None, 'imgMoment': [{'src': 'https://uploadfiles.nowcoder.com/message_images/20231229/615834820_1703816127129/discuss_1703816126637.jpeg', 'alt': 'discuss_1703816126637.jpeg', 'width': 1080, 'height': 1825}], 'clockMoment': None, 'videoMoment': None, 'createdAt': 1703816137000, 'circle': None, 'editTime': 1703816137000}",[],"{'voteId': 0, 'withVote': False, 'voteTitle': None, 'voteType': None}","{'likeCnt': 3, 'followCnt': 1, 'commentCnt': 20, 'viewCnt': 574, 'totalCommentCnt': 27, 'shareCnt': 0, 'isLike': False, 'isFollow': False}","{'trackID_var': '2cnhsoe9o4g5iv153wmu9', 'contentID_var': '2100774', 'dolphin_var': '1.703994642992E9;;;1;feed', 'trackId': '2cnhsoe9o4g5iv153wmu9', 'entityId': '740002100774', 'entityID_var': '740002100774'}",,True,[],,,"{'entityType': 74, 'entityId': 2100774, 'trackId': '2cnhsoe9o4g5iv153wmu9', 'extraInfo': {'trackID_var': '2cnhsoe9o4g5iv153wmu9', 'contentID_var': '2100774', 'dolphin_var': '1.703994642992E9;;;1;feed', 'trackId': '2cnhsoe9o4g5iv153wmu9', 'entityId': '740002100774', 'entityID_var': '740002100774'}}","[{'recommendReason': '后端开发岗位热议', 'type': 'JOB_HOT'}]"
8,2094374,74,5641152,"{'userId': 5641152, 'nickname': '牛客吹哨人', 'admin': False, 'followed': False, 'authDisplayInfo': '中金所技术公司 业务', 'headImgUrl': 'https://static.nowcoder.com/head/header0001.png', 'gender': '男', 'headDecorateUrl': 'https://uploadfiles.nowcoder.com/files/20220415/318889480_1649985747346/pc.gif', 'honorLevel': 8, 'honorLevelName': '红名大佬 Lv.7', 'honorLevelColor': 'f34c54', 'workTime': '2020', 'educationInfo': '门头沟学院', 'identityList': [{'companyId': 2746, 'identityClass': 'identity-icon', 'identityNo': 5, 'name': '中金所技术公司_业务', 'companyName': '中金所技术公司', 'jobName': '业务'}], 'activityIconList': [{'imgUrl': 'https://uploadfiles.nowcoder.com/images/20230109/1030032975_1673247982556/BBBEA7EEC3A0C1565A79870CB9195B44', 'expireTime': None, 'name': '《牛客社区·2022年度盘点》，恭喜你的点赞量进入top100！感谢你对内容贡献者的点赞认可～特此为你发放“点赞狂魔”荣誉称号～', 'discussLink': 'https://www.nowcoder.com/discuss/440907823489302528', 'appLink': 'https://www.nowcoder.com/discuss/440907823489302528', 'pcLink': 'https://www.nowcoder.com/discuss/440907823489302528', 'content': None, 'source': 0, 'type': 5}], 'memberIdentity': 0, 'memberStartTime': None, 'memberEndTime': None, 'enterpriseInfo': None}",,"{'ip4': '112.65.158.186', 'ip4Location': '', 'id': 2094374, 'uuid': '85656b8530ad486b90bc30ab26609fa6', 'userId': 5641152, 'title': '', 'newTitle': None, 'content': '事到如今，还有人会觉得“先去互联网赚钱，再去国企躺平”吗？', 'newContent': None, 'type': 0, 'status': 0, 'hasEdit': False, 'isAnonymousFlag': False, 'beMyOnly': False, 'linkMoment': None, 'imgMoment': None, 'clockMoment': None, 'videoMoment': None, 'createdAt': 1703121651000, 'circle': None, 'editTime': 1703121651000}",[],"{'voteId': 0, 'withVote': False, 'voteTitle': None, 'voteType': None}","{'likeCnt': 54, 'followCnt': 35, 'commentCnt': 37, 'viewCnt': 12997, 'totalCommentCnt': 79, 'shareCnt': 1, 'isLike': False, 'isFollow': False}","{'trackID_var': '2cnhsoe9o4g5iv153wmu9', 'contentID_var': '2094374', 'dolphin_var': '1.703994642991E9;;;0;feed', 'trackId': '2cnhsoe9o4g5iv153wmu9', 'entityId': '740002094374', 'entityID_var': '740002094374'}",,,,,,"{'entityType': 74, 'entityId': 2094374, 'trackId': '2cnhsoe9o4g5iv153wmu9', 'extraInfo': {'trackID_var': '2cnhsoe9o4g5iv153wmu9', 'contentID_var': '2094374', 'dolphin_var': '1.703994642991E9;;;0;feed', 'trackId': '2cnhsoe9o4g5iv153wmu9', 'entityId': '740002094374', 'entityID_var': '740002094374'}}","[{'recommendReason': 'golang岗位热议', 'type': 'JOB_HOT'}]"
9,2044407,74,394909781,"{'userId': 394909781, 'nickname': '绿豆曹', 'admin': False, 'followed': False, 'authDisplayInfo': '浙江工业大学之江学院 计算机类', 'headImgUrl': 'https://uploadfiles.nowcoder.com/images/20221107/394909781_1667789441729/AD7BC863ACC50AD3B747C51C2F85B431', 'gender': '男', 'headDecorateUrl': '', 'honorLevel': 6, 'honorLevelName': '飞黄腾达 Lv.5', 'honorLevelColor': 'e8ca2d', 'workTime': '2024', 'educationInfo': '浙江工业大学之江学院', 'identityList': None, 'activityIconList': [], 'memberIdentity': 0, 'memberStartTime': None, 'memberEndTime': None, 'enterpriseInfo': None}",,"{'ip4': '0.0.0.0', 'ip4Location': '', 'id': 2044407, 'uuid': '5e9a15bf0a514b4a9c869877d5105f5b', 'userId': 394909781, 'title': '杭州生活需要多少钱能活下去', 'newTitle': None, 'content': '如题，包括衣食住行。2500左右会饿死吗？\n至少需要多少？\n <a href=""/creation/subject/1bbeacfa36f542f5a7a733297c2cf460"" target=""_blank"" class=""subject font-green"" nc-subject-type=""0"" nc-subject-tag-id=""0"">#java#</a> <a href=""/creation/subject/6aaf7525961b471ca1ee6f15eaad60a4"" target=""_blank"" class=""subject font-green"" nc-subject-type=""0"" nc-subject-tag-id=""0"">#我的求职思考#</a> ', 'newContent': None, 'type': 0, 'status': 0, 'hasEdit': False, 'isAnonymousFlag': False, 'beMyOnly': False, 'linkMoment': None, 'imgMoment': None, 'clockMoment': None, 'videoMoment': None, 'createdAt': 1699602248000, 'circle': None, 'editTime': 1699613392000}","[{'hadVote': 0, 'id': 29864, 'subjectType': 0, 'tagId': 0, 'content': '我的求职思考', 'createdAt': 1657787563000, 'hotValue': 0, 'uuid': '6aaf7525961b471ca1ee6f15eaad60a4', 'subjectExt': '滴水石穿，每一次的思考都会助你前行！', 'creatorId': 639768428, 'syntaxType': 0, 'status': 0, 'topFeedUuid': '', 'subjectLogo': None, 'momentCnt': None, 'viewCnt': None, 'isFollow': None, 'official': 1, 'subjectFlag': 1, 'activityPrizeIcon': None}]","{'voteId': 0, 'withVote': False, 'voteTitle': None, 'voteType': None}","{'likeCnt': 1, 'followCnt': 0, 'commentCnt': 10, 'viewCnt': 1572, 'totalCommentCnt': 14, 'shareCnt': 0, 'isLike': False, 'isFollow': False}","{'trackID_var': '2cnhsoe9o4g5iv153wmu9', 'contentID_var': '2044407', 'dolphin_var': '1.70399464299E9;;;1;feed', 'trackId': '2cnhsoe9o4g5iv153wmu9', 'entityId': '740002044407', 'entityID_var': '740002044407'}",,,,,,"{'entityType': 74, 'entityId': 2044407, 'trackId': '2cnhsoe9o4g5iv153wmu9', 'extraInfo': {'trackID_var': '2cnhsoe9o4g5iv153wmu9', 'contentID_var': '2044407', 'dolphin_var': '1.70399464299E9;;;1;feed', 'trackId': '2cnhsoe9o4g5iv153wmu9', 'entityId': '740002044407', 'entityID_var': '740002044407'}}",
10,2087804,74,951961298,"{'userId': 951961298, 'nickname': '不是山谷丶', 'admin': False, 'followed': False, 'authDisplayInfo': '门头沟学院 计算机类', 'headImgUrl': 'https://uploadfiles.nowcoder.com/images/20220901/951961298_1662037010499/38EF06BF7A4DB1E596FCFDB28B390C66', 'gender': '男', 'headDecorateUrl': '', 'honorLevel': 5, 'honorLevelName': '青出于蓝 Lv.4', 'honorLevelColor': '42c1a2', 'workTime': '2025', 'educationInfo': '门头沟学院', 'identityList': None, 'activityIconList': [], 'memberIdentity': 0, 'memberStartTime': None, 'memberEndTime': None, 'enterpriseInfo': None}",,"{'ip4': '223.104.170.138', 'ip4Location': '', 'id': 2087804, 'uuid': 'e3f5d8c26a2e4247bfa5eee3d736268c', 'userId': 951961298, 'title': '学历排名', 'newTitle': None, 'content': '1.双9大佬\n2.本2硕9\n3.本9\n4.双2\n5.本双非硕9\n6.本2\n7.本双非硕2\n8.双非本双非硕\n9.双非本', 'newContent': None, 'type': 0, 'status': 0, 'hasEdit': False, 'isAnonymousFlag': False, 'beMyOnly': False, 'linkMoment': None, 'imgMoment': None, 'clockMoment': None, 'videoMoment': None, 'createdAt': 1702461419000, 'circle': None, 'editTime': 1702461419000}",[],"{'voteId': 0, 'withVote': False, 'voteTitle': None, 'voteType': None}","{'likeCnt': 30, 'followCnt': 8, 'commentCnt': 57, 'viewCnt': 13730, 'totalCommentCnt': 145, 'shareCnt': 0, 'isLike': False, 'isFollow': False}","{'trackID_var': '2cnhsoe9o4g5iv153wmu9', 'contentID_var': '2087804', 'dolphin_var': '1.703994642989E9;;;0;feed', 'trackId': '2cnhsoe9o4g5iv153wmu9', 'entityId': '740002087804', 'entityID_var': '740002087804'}",,,,,,"{'entityType': 74, 'entityId': 2087804, 'trackId': '2cnhsoe9o4g5iv153wmu9', 'extraInfo': {'trackID_var': '2cnhsoe9o4g5iv153wmu9', 'contentID_var': '2087804', 'dolphin_var': '1.703994642989E9;;;0;feed', 'trackId': '2cnhsoe9o4g5iv153wmu9', 'entityId': '740002087804', 'entityID_var': '740002087804'}}",
11,2100726,74,473884094,"{'userId': 473884094, 'nickname': 'mars_P', 'admin': False, 'followed': False, 'authDisplayInfo': '华南理工大学 计算机类', 'headImgUrl': 'https://static.nowcoder.com/head/header0001.png', 'gender': None, 'headDecorateUrl': '', 'honorLevel': 3, 'honorLevelName': '进阶牛 Lv.2', 'honorLevelColor': '418ac3', 'workTime': '2025', 'educationInfo': '华南理工大学', 'identityList': None, 'activityIconList': [], 'memberIdentity': 0, 'memberStartTime': None, 'memberEndTime': None, 'enterpriseInfo': None}",,"{'ip4': '112.96.33.21', 'ip4Location': '', 'id': 2100726, 'uuid': 'ac2773122ea44be09eb168da59385773', 'userId': 473884094, 'title': '为什么现在大厂java后端日常实习这么少', 'newTitle': None, 'content': '为什么现在大厂java后端日常实习这么少啊，是还没到时间吗😭😭😭', 'newContent': None, 'type': 0, 'status': 0, 'hasEdit': False, 'isAnonymousFlag': False, 'beMyOnly': False, 'linkMoment': None, 'imgMoment': None, 'clockMoment': None, 'videoMoment': None, 'createdAt': 1703810193000, 'circle': None, 'editTime': 1703810193000}",[],"{'voteId': 0, 'withVote': False, 'voteTitle': None, 'voteType': None}","{'likeCnt': 5, 'followCnt': 1, 'commentCnt': 12, 'viewCnt': 1031, 'totalCommentCnt': 19, 'shareCnt': 0, 'isLike': False, 'isFollow': False}","{'trackID_var': '2cnhsoe9o4g5iv153wmu9', 'contentID_var': '2100726', 'dolphin_var': '1.703994642988E9;;;1;feed', 'trackId': '2cnhsoe9o4g5iv153wmu9', 'entityId': '740002100726', 'entityID_var': '740002100726'}",,,,,,"{'entityType': 74, 'entityId': 2100726, 'trackId': '2cnhsoe9o4g5iv153wmu9', 'extraInfo': {'trackID_var': '2cnhsoe9o4g5iv153wmu9', 'contentID_var': '2100726', 'dolphin_var': '1.703994642988E9;;;1;feed', 'trackId': '2cnhsoe9o4g5iv153wmu9', 'entityId': '740002100726', 'entityID_var': '740002100726'}}","[{'recommendReason': 'Java岗位热议', 'type': 'JOB_HOT'}]"
12,2085562,74,297080484,"{'userId': 297080484, 'nickname': '臻服辣', 'admin': False, 'followed': False, 'authDisplayInfo': '蚌埠坦克学院 畜牧学', 'headImgUrl': 'https://images.nowcoder.com/images/20211229/725645849_1640784014154/7402D8581CBE60E6F7092E8BE138892C', 'gender': '', 'headDecorateUrl': '', 'honorLevel': 5, 'honorLevelName': '青出于蓝 Lv.4', 'honorLevelColor': '42c1a2', 'workTime': '2024', 'educationInfo': '蚌埠坦克学院', 'identityList': None, 'activityIconList': [], 'memberIdentity': 0, 'memberStartTime': None, 'memberEndTime': None, 'enterpriseInfo': None}",,"{'ip4': '113.138.50.13', 'ip4Location': '', 'id': 2085562, 'uuid': '8174d4e41b8546a8aba8ee515b868eb8', 'userId': 297080484, 'title': '理想汽车 offer释放', 'newTitle': None, 'content': '鼠鼠太菜了，拿不到什么大厂offer，犹豫了很久，还是决定把34k的offer留给兄弟们，自己去研究所躺平了，就是hr小姐姐看起来挺难过的<img style=""width:18px; height:18px"" data-card-emoji=""[笑cry]"" data-card-nowcoder=""[笑cry]"" src=""https://uploadfiles.nowcoder.com/images/20220815/318889480_1660553763490/62AF11E48344D159DA608796DA7D39E5""/><img style=""width:18px; height:18px"" data-card-emoji=""[笑cry]"" data-card-nowcoder=""[笑cry]"" src=""https://uploadfiles.nowcoder.com/images/20220815/318889480_1660553763490/62AF11E48344D159DA608796DA7D39E5""/>兄弟们，我做得对吗？', 'newContent': None, 'type': 2, 'status': 0, 'hasEdit': False, 'isAnonymousFlag': False, 'beMyOnly': False, 'linkMoment': None, 'imgMoment': [{'src': 'https://uploadfiles.nowcoder.com/images/20231211/297080484_1702292350677/41FA23D362B9130C83834FCB59C23EDF', 'alt': '2nPwoaEECFtX5Y9N4Xhb4i0LsjWa6Cdu.jpg', 'width': 1440, 'height': 3114}], 'clockMoment': None, 'videoMoment': None, 'createdAt': 1702292365000, 'circle': None, 'editTime': 1702292365000}",[],"{'voteId': 0, 'withVote': False, 'voteTitle': None, 'voteType': None}","{'likeCnt': 20, 'followCnt': 3, 'commentCnt': 23, 'viewCnt': 9926, 'totalCommentCnt': 44, 'shareCnt': 0, 'isLike': False, 'isFollow': False}","{'trackID_var': '2cnhsoe9o4g5iv153wmu9', 'contentID_var': '2085562', 'dolphin_var': '1.703994642987E9;;;0;feed', 'trackId': '2cnhsoe9o4g5iv153wmu9', 'entityId': '740002085562', 'entityID_var': '740002085562'}",,,,,,"{'entityType': 74, 'entityId': 2085562, 'trackId': '2cnhsoe9o4g5iv153wmu9', 'extraInfo': {'trackID_var': '2cnhsoe9o4g5iv153wmu9', 'contentID_var': '2085562', 'dolphin_var': '1.703994642987E9;;;0;feed', 'trackId': '2cnhsoe9o4g5iv153wmu9', 'entityId': '740002085562', 'entityID_var': '740002085562'}}",
13,2096095,74,978753105,"{'userId': 978753105, 'nickname': '前端哞哞', 'admin': False, 'followed': False, 'authDisplayInfo': '百度 前端工程师(实习)', 'headImgUrl': 'https://uploadfiles.nowcoder.com/images/20230927/978753105_1695797331693/9DDA1E0204D23A7D843ABE0C35E09BFC', 'gender': '女', 'headDecorateUrl': '', 'honorLevel': 5, 'honorLevelName': '青出于蓝 Lv.4', 'honorLevelColor': '42c1a2', 'workTime': '2024', 'educationInfo': '门头沟学院', 'identityList': [{'companyId': 139, 'identityClass': 'identity-icon', 'identityNo': 2, 'name': '百度_前端工程师(实习员工)', 'companyName': '百度', 'jobName': '前端工程师'}], 'activityIconList': [], 'memberIdentity': 0, 'memberStartTime': None, 'memberEndTime': None, 'enterpriseInfo': None}",,"{'ip4': '0.0.0.0', 'ip4Location': '', 'id': 2096095, 'uuid': '67bc1a029fbf4ebebef42234e7e1e3b8', 'userId': 978753105, 'title': '', 'newTitle': None, 'content': '双非🐭🐭唯一的offer～本菜🐔就没啥正经面试……不想折腾了直接签了吧<img style=""width:18px; height:18px"" data-card-emoji=""[牛泪]"" data-card-nowcoder=""[牛泪]"" src=""https://uploadfiles.nowcoder.com/images/20220815/318889480_1660553763930/8B36D115CE5468E380708713273FEF43""/>\n冬招结束🔚\n <a href=""/creation/subject/ffcfa993ea7b461c892a82148a3ef160"" target=""_blank"" class=""subject font-green"" nc-subject-type=""0"" nc-subject-tag-id=""0"">#晒一晒我的offer#</a> ', 'newContent': None, 'type': 2, 'status': 0, 'hasEdit': False, 'isAnonymousFlag': False, 'beMyOnly': False, 'linkMoment': None, 'imgMoment': [{'src': 'https://uploadfiles.nowcoder.com/images/20231222/978753105_1703248350488/03B2A2DD1679D48FFF949F363A1AF34B', 'alt': 'MnYueFoItnIt71Mg0Uc4YgtMzRwmNPrT.jpg', 'width': 1440, 'height': 3114}], 'clockMoment': None, 'videoMoment': None, 'createdAt': 1703248478000, 'circle': None, 'editTime': 1703254248000}","[{'hadVote': 0, 'id': 38210, 'subjectType': 0, 'tagId': 0, 'content': '晒一晒我的offer', 'createdAt': 1684306214000, 'hotValue': 0, 'uuid': 'ffcfa993ea7b461c892a82148a3ef160', 'subjectExt': '终于接到offer啦！🎉\n来晒一下你收到的offer吧，一起沾沾喜气！🙏', 'creatorId': 77679005, 'syntaxType': 0, 'status': 0, 'topFeedUuid': 'f9aafd3135184587a3fe7fadd9b7c2b9', 'subjectLogo': None, 'momentCnt': None, 'viewCnt': None, 'isFollow': None, 'official': 1, 'subjectFlag': 3, 'activityPrizeIcon': None}]","{'voteId': 0, 'withVote': False, 'voteTitle': None, 'voteType': None}","{'likeCnt': 10, 'followCnt': 1, 'commentCnt': 19, 'viewCnt': 4242, 'totalCommentCnt': 40, 'shareCnt': 0, 'isLike': False, 'isFollow': False}","{'trackID_var': '2cnhsoe9o4g5iv153wmu9', 'contentID_var': '2096095', 'dolphin_var': '1.703994642986E9;;;0;feed', 'trackId': '2cnhsoe9o4g5iv153wmu9', 'entityId': '740002096095', 'entityID_var': '740002096095'}",,,,,,"{'entityType': 74, 'entityId': 2096095, 'trackId': '2cnhsoe9o4g5iv153wmu9', 'extraInfo': {'trackID_var': '2cnhsoe9o4g5iv153wmu9', 'contentID_var': '2096095', 'dolphin_var': '1.703994642986E9;;;0;feed', 'trackId': '2cnhsoe9o4g5iv153wmu9', 'entityId': '740002096095', 'entityID_var': '740002096095'}}","[{'recommendReason': 'golang岗位热议', 'type': 'JOB_HOT'}]"
14,2099343,74,418214573,"{'userId': 418214573, 'nickname': '小牛哥永不退缩', 'admin': False, 'followed': False, 'authDisplayInfo': '华东交通大学 计算机类', 'headImgUrl': 'https://uploadfiles.nowcoder.com/images/20230330/418214573_1680171494403/FECD76F09C4EFFA7102ECDBC1795FB3B', 'gender': '男', 'headDecorateUrl': 'https://uploadfiles.nowcoder.com/files/20220415/318889480_1649985747346/pc.gif', 'honorLevel': 7, 'honorLevelName': '大橘已定 Lv.6', 'honorLevelColor': 'fc7123', 'workTime': '2024', 'educationInfo': '华东交通大学', 'identityList': None, 'activityIconList': [], 'memberIdentity': 1, 'memberStartTime': None, 'memberEndTime': 1708169734000, 'enterpriseInfo': None}",,"{'ip4': '39.144.168.36', 'ip4Location': '', 'id': 2099343, 'uuid': 'd8c030bc23714966993778f59d535f98', 'userId': 418214573, 'title': '字节开始补录了吗', 'newTitle': None, 'content': '今天收到面试通知\n是KPI吗😭\n <a href=""/creation/subject/ef89a25d023f42209804f3413b5bbaff"" target=""_blank"" class=""subject font-green"" nc-subject-type=""0"" nc-subject-tag-id=""0"">#字节#</a> <a href=""/enterprise/665/discussion"" target=""_blank"" class=""subject font-green"" nc-subject-type=""2"" nc-subject-tag-id=""665"">#字节跳动#</a> <a href=""/creation/subject/61bc672e891646c6b5758d3ecc014387"" target=""_blank"" class=""subject font-green"" nc-subject-type=""0"" nc-subject-tag-id=""0"">#面试#</a> ', 'newContent': None, 'type': 2, 'status': 0, 'hasEdit': False, 'isAnonymousFlag': False, 'beMyOnly': False, 'linkMoment': None, 'imgMoment': [{'src': 'https://uploadfiles.nowcoder.com/message_images/20231227/418214573_1703661249522/discuss_1703661248843.jpeg', 'alt': 'discuss_1703661248843.jpeg', 'width': 1220, 'height': 1408}], 'clockMoment': None, 'videoMoment': None, 'createdAt': 1703661312000, 'circle': None, 'editTime': 1703661312000}",[],"{'voteId': 0, 'withVote': False, 'voteTitle': None, 'voteType': None}","{'likeCnt': 1, 'followCnt': 2, 'commentCnt': 10, 'viewCnt': 2298, 'totalCommentCnt': 30, 'shareCnt': 0, 'isLike': False, 'isFollow': False}","{'trackID_var': '2cnhsoe9o4g5iv153wmu9', 'contentID_var': '2099343', 'dolphin_var': '1.703994642985E9;;;0;feed', 'trackId': '2cnhsoe9o4g5iv153wmu9', 'entityId': '740002099343', 'entityID_var': '740002099343'}",,True,[665],"{'entityId': '2099343-74', 'jobIcon': 'https://static.nowcoder.com/fe/file/images/nowpick/hd/content_recommend_icon.png', 'jobMessage': '投递字节跳动等公司10个岗位'}",,"{'entityType': 74, 'entityId': 2099343, 'trackId': '2cnhsoe9o4g5iv153wmu9', 'extraInfo': {'trackID_var': '2cnhsoe9o4g5iv153wmu9', 'contentID_var': '2099343', 'dolphin_var': '1.703994642985E9;;;0;feed', 'trackId': '2cnhsoe9o4g5iv153wmu9', 'entityId': '740002099343', 'entityID_var': '740002099343'}}","[{'recommendReason': 'golang岗位热议', 'type': 'JOB_HOT'}]"
15,2095198,74,1030037872,"{'userId': 1030037872, 'nickname': '匿名牛油', 'admin': False, 'followed': False, 'authDisplayInfo': '', 'headImgUrl': 'https://uploadfiles.nowcoder.com/files/20230309/120063338_1678348363709/anonymous.jpg', 'gender': None, 'headDecorateUrl': '', 'honorLevel': 1, 'honorLevelName': '蒟蒻牛 Lv.0', 'honorLevelColor': 'a1a1a1', 'workTime': '', 'educationInfo': None, 'identityList': None, 'activityIconList': [], 'memberIdentity': 0, 'memberStartTime': None, 'memberEndTime': None, 'enterpriseInfo': None}",,"{'ip4': '58.247.23.142', 'ip4Location': '', 'id': 2095198, 'uuid': '5110ba4a16c345328cccdca5de16ee1f', 'userId': 835088986, 'title': '百度绝对是今年大厂最ex的', 'newTitle': None, 'content': '1.最早面试7月，最晚发offer11月，熬死你！！注意是发offer，告知你有没有排序通过，不是开奖！等于中间几个月你并不知道排序情况，all in 的同学危险\n2.池子逆天的大，11月不发offer，继续面试，后期明显kpi非常多，尤其很多3面挂的莫名其妙\n3.至少1/3的人在9月进入offer评估后无人对接，纯等\n4.千万别信offer评估这个状态，都是超发状态，小道消息1:3，某些恶心面试官和hr还说都能有offer，纯纯拿你当备胎！最后给你发个最低价或者直接泡死了\n5.双非的同学留意，今年出现了提前批面试完等offer，直到11月才告知学历不行的，某些部门真的搞心态啊！\n6.选择去百度实习的同学注意了！实习转正没任何优势，依然3+1面试，一点不少，挂的概率非常大，总体来说转正率很低！\n以上仅仅是我作为一名参加秋招同学的真实感受，每个人都很不容易，秋招压力都很大，身心疲惫，遇到上面的事情真的很搞心态，让人心寒！\n百度阿里腾讯美团字节滴滴快手小米得物小红书携程网易拼多多华为荣耀\n <a href=""/creation/subject/15cdb5b8559a4137978419a283a1dd63"" target=""_blank"" class=""subject font-green"" nc-subject-type=""0"" nc-subject-tag-id=""0"">#24秋招避雷总结#</a> <a href=""/creation/subject/fc9b715080ff4fb4b996bf7556ccd23e"" target=""_blank"" class=""subject font-green"" nc-subject-type=""0"" nc-subject-tag-id=""0"">#互联网大厂#</a> <a href=""/creation/subject/8cc609cfbc8a4d4ca01d52f8e1bce919"" target=""_blank"" class=""subject font-green"" nc-subject-type=""0"" nc-subject-tag-id=""0"">#大厂#</a> <a href=""/enterprise/139/discussion"" target=""_blank"" class=""subject font-green"" nc-subject-type=""2"" nc-subject-tag-id=""139"">#百度#</a> <a href=""/creation/subject/d452f6203b0c4f43a1eb82cd75820344"" target=""_blank"" class=""subject font-green"" nc-subject-type=""0"" nc-subject-tag-id=""0"">#阿里#</a> <a href=""/enterprise/138/discussion"" target=""_blank"" class=""subject font-green"" nc-subject-type=""2"" nc-subject-tag-id=""138"">#腾讯#</a> <a href=""/creation/subject/ef89a25d023f42209804f3413b5bbaff"" target=""_blank"" class=""subject font-green"" nc-subject-type=""0"" nc-subject-tag-id=""0"">#字节#</a> <a href=""/enterprise/239/discussion"" target=""_blank"" class=""subject font-green"" nc-subject-type=""2"" nc-subject-tag-id=""239"">#华为#</a> <a href=""/enterprise/153/discussion"" target=""_blank"" class=""subject font-green"" nc-subject-type=""2"" nc-subject-tag-id=""153"">#携程#</a> <a href=""/creation/subject/b57df8301bea4c79a6513a8bd1cb898c"" target=""_blank"" class=""subject font-green"" nc-subject-type=""0"" nc-subject-tag-id=""0"">#得物#</a> <a href=""/enterprise/715/discussion"" target=""_blank"" class=""subject font-green"" nc-subject-type=""2"" nc-subject-tag-id=""715"">#小红书#</a> <a href=""/enterprise/732/discussion"" target=""_blank"" class=""subject font-green"" nc-subject-type=""2"" nc-subject-tag-id=""732"">#拼多多#</a> <a href=""/enterprise/898/discussion"" target=""_blank"" class=""subject font-green"" nc-subject-type=""2"" nc-subject-tag-id=""898"">#快手#</a> ', 'newContent': None, 'type': 0, 'status': 0, 'hasEdit': False, 'isAnonymousFlag': True, 'beMyOnly': False, 'linkMoment': None, 'imgMoment': None, 'clockMoment': None, 'videoMoment': None, 'createdAt': 1703167092000, 'circle': None, 'editTime': 1703167092000}","[{'hadVote': 0, 'id': 43776, 'subjectType': 0, 'tagId': 0, 'content': '24秋招避雷总结', 'createdAt': 1698738713000, 'hotValue': 0, 'uuid': '15cdb5b8559a4137978419a283a1dd63', 'subjectExt': '秋招即将结束，大家快来分享你的求职节奏和过程中的经验吧!\n无论是成功后的经验总结，还是不小心踩得坑，都值得被我们分享出来！', 'creatorId': 77679005, 'syntaxType': 0, 'status': 0, 'topFeedUuid': '', 'subjectLogo': None, 'momentCnt': None, 'viewCnt': None, 'isFollow': None, 'official': 1, 'subjectFlag': 3, 'activityPrizeIcon': 'https://uploadfiles.nowcoder.com/files/20230731/120063338_1690784732032/jiang.png'}]","{'voteId': 107580, 'withVote': True, 'voteTitle': '今年百度面试体验怎么样', 'voteType': 1}","{'likeCnt': 14, 'followCnt': 6, 'commentCnt': 16, 'viewCnt': 3903, 'totalCommentCnt': 33, 'shareCnt': 0, 'isLike': False, 'isFollow': False}","{'trackID_var': '2cnhsoe9o4g5iv153wmu9', 'contentID_var': '2095198', 'dolphin_var': '1.703994642984E9;;;0;feed', 'trackId': '2cnhsoe9o4g5iv153wmu9', 'entityId': '740002095198', 'entityID_var': '740002095198'}",,True,[139],"{'entityId': '2095198-74', 'jobIcon': 'https://static.nowcoder.com/fe/file/images/nowpick/hd/content_recommend_icon.png', 'jobMessage': '投递百度等公司10个岗位'}",,"{'entityType': 74, 'entityId': 2095198, 'trackId': '2cnhsoe9o4g5iv153wmu9', 'extraInfo': {'trackID_var': '2cnhsoe9o4g5iv153wmu9', 'contentID_var': '2095198', 'dolphin_var': '1.703994642984E9;;;0;feed', 'trackId': '2cnhsoe9o4g5iv153wmu9', 'entityId': '740002095198', 'entityID_var': '740002095198'}}",
16,2095410,74,447911420,"{'userId': 447911420, 'nickname': '派大星b', 'admin': False, 'followed': False, 'authDisplayInfo': '门头沟学院 计算机类', 'headImgUrl': 'https://static.nowcoder.com/head/0photo.jpg', 'gender': None, 'headDecorateUrl': '', 'honorLevel': 3, 'honorLevelName': '进阶牛 Lv.2', 'honorLevelColor': '418ac3', 'workTime': '2026', 'educationInfo': '门头沟学院', 'identityList': None, 'activityIconList': [], 'memberIdentity': 0, 'memberStartTime': None, 'memberEndTime': None, 'enterpriseInfo': None}",,"{'ip4': '223.104.72.207', 'ip4Location': '', 'id': 2095410, 'uuid': '657557cd446045178963835e6493fc56', 'userId': 447911420, 'title': '兄弟们，找到JAVA远程实习了，准备面试', 'newTitle': None, 'content': '有没有好大哥面试过这个公司，给支支招吧<img style=""width:18px; height:18px"" data-card-emoji=""[许愿]"" data-card-nowcoder=""[许愿]"" src=""https://uploadfiles.nowcoder.com/images/20220815/318889480_1660553876118/CAEB30813C5D910A6FBAAC41F8914E38""/><img style=""width:18px; height:18px"" data-card-emoji=""[许愿]"" data-card-nowcoder=""[许愿]"" src=""https://uploadfiles.nowcoder.com/images/20220815/318889480_1660553876118/CAEB30813C5D910A6FBAAC41F8914E38""/><img style=""width:18px; height:18px"" data-card-emoji=""[许愿]"" data-card-nowcoder=""[许愿]"" src=""https://uploadfiles.nowcoder.com/images/20220815/318889480_1660553876118/CAEB30813C5D910A6FBAAC41F8914E38""/><img style=""width:18px; height:18px"" data-card-emoji=""[许愿]"" data-card-nowcoder=""[许愿]"" src=""https://uploadfiles.nowcoder.com/images/20220815/318889480_1660553876118/CAEB30813C5D910A6FBAAC41F8914E38""/>', 'newContent': None, 'type': 2, 'status': 0, 'hasEdit': False, 'isAnonymousFlag': False, 'beMyOnly': False, 'linkMoment': None, 'imgMoment': [{'src': 'https://uploadfiles.nowcoder.com/message_images/20231222/447911420_1703205175017/discuss_1703205176053.jpeg', 'alt': 'discuss_1703205176053.jpeg', 'width': 1673, 'height': 236}], 'clockMoment': None, 'videoMoment': None, 'createdAt': 1703205236000, 'circle': None, 'editTime': 1703205236000}",[],"{'voteId': 0, 'withVote': False, 'voteTitle': None, 'voteType': None}","{'likeCnt': 6, 'followCnt': 0, 'commentCnt': 7, 'viewCnt': 1002, 'totalCommentCnt': 19, 'shareCnt': 0, 'isLike': False, 'isFollow': False}","{'trackID_var': '2cnhsoe9o4g5iv153wmu9', 'contentID_var': '2095410', 'dolphin_var': '1.703994642983E9;;;1;feed', 'trackId': '2cnhsoe9o4g5iv153wmu9', 'entityId': '740002095410', 'entityID_var': '740002095410'}",,True,[],,,"{'entityType': 74, 'entityId': 2095410, 'trackId': '2cnhsoe9o4g5iv153wmu9', 'extraInfo': {'trackID_var': '2cnhsoe9o4g5iv153wmu9', 'contentID_var': '2095410', 'dolphin_var': '1.703994642983E9;;;1;feed', 'trackId': '2cnhsoe9o4g5iv153wmu9', 'entityId': '740002095410', 'entityID_var': '740002095410'}}",
17,2098171,74,432385583,"{'userId': 432385583, 'nickname': '都市隶人', 'admin': False, 'followed': False, 'authDisplayInfo': '门头沟学院 计算机类', 'headImgUrl': 'https://uploadfiles.nowcoder.com/images/20220928/432385583_1664351050138/1EE4C235D62AD6C7996EF30B1F346A5E', 'gender': '', 'headDecorateUrl': '', 'honorLevel': 5, 'honorLevelName': '青出于蓝 Lv.4', 'honorLevelColor': '42c1a2', 'workTime': '2025', 'educationInfo': '门头沟学院', 'identityList': None, 'activityIconList': [], 'memberIdentity': 0, 'memberStartTime': None, 'memberEndTime': None, 'enterpriseInfo': None}",,"{'ip4': '122.192.14.196', 'ip4Location': '', 'id': 2098171, 'uuid': '617eb9b8191c40a7a7e78c1cc50446a5', 'userId': 432385583, 'title': '不懂', 'newTitle': None, 'content': '为啥有的hr还要求看高考省份和高考成绩 学校不能说明问题嘛 高考成绩单早就不知道在哪吃灰了', 'newContent': None, 'type': 2, 'status': 0, 'hasEdit': False, 'isAnonymousFlag': False, 'beMyOnly': False, 'linkMoment': None, 'imgMoment': [{'src': 'https://uploadfiles.nowcoder.com/message_images/20231226/432385583_1703559166977/discuss_1703559166760.jpeg', 'alt': 'discuss_1703559166760.jpeg', 'width': 3678, 'height': 842}], 'clockMoment': None, 'videoMoment': None, 'createdAt': 1703559169000, 'circle': None, 'editTime': 1703559169000}",[],"{'voteId': 0, 'withVote': False, 'voteTitle': None, 'voteType': None}","{'likeCnt': 4, 'followCnt': 1, 'commentCnt': 10, 'viewCnt': 1603, 'totalCommentCnt': 12, 'shareCnt': 0, 'isLike': False, 'isFollow': False}","{'trackID_var': '2cnhsoe9o4g5iv153wmu9', 'contentID_var': '2098171', 'dolphin_var': '1.703994642982E9;;;0;feed', 'trackId': '2cnhsoe9o4g5iv153wmu9', 'entityId': '740002098171', 'entityID_var': '740002098171'}",,,,,,"{'entityType': 74, 'entityId': 2098171, 'trackId': '2cnhsoe9o4g5iv153wmu9', 'extraInfo': {'trackID_var': '2cnhsoe9o4g5iv153wmu9', 'contentID_var': '2098171', 'dolphin_var': '1.703994642982E9;;;0;feed', 'trackId': '2cnhsoe9o4g5iv153wmu9', 'entityId': '740002098171', 'entityID_var': '740002098171'}}",
18,2097351,74,258754656,"{'userId': 258754656, 'nickname': '青青子衿202304081147505', 'admin': False, 'followed': False, 'authDisplayInfo': '西南石油大学 计算机类', 'headImgUrl': 'https://uploadfiles.nowcoder.com/images/20230408/258754656_1680925643083/605475850F555A9A1D76953CFB3E39A6', 'gender': '男', 'headDecorateUrl': '', 'honorLevel': 6, 'honorLevelName': '飞黄腾达 Lv.5', 'honorLevelColor': 'e8ca2d', 'workTime': '2025', 'educationInfo': '西南石油大学', 'identityList': None, 'activityIconList': [], 'memberIdentity': 0, 'memberStartTime': None, 'memberEndTime': None, 'enterpriseInfo': None}",,"{'ip4': '182.145.151.196', 'ip4Location': '', 'id': 2097351, 'uuid': 'b3fdf00aeb82430a94ffe2ed02277bfb', 'userId': 258754656, 'title': '', 'newTitle': None, 'content': '有一个实习，hr问我能不能实习一年。到底要不要去。一年太久了，但是实习又很难找<img style=""width:18px; height:18px"" data-card-emoji=""[牛泪]"" data-card-nowcoder=""[牛泪]"" src=""https://uploadfiles.nowcoder.com/images/20220815/318889480_1660553763930/8B36D115CE5468E380708713273FEF43""/>', 'newContent': None, 'type': 0, 'status': 0, 'hasEdit': False, 'isAnonymousFlag': False, 'beMyOnly': False, 'linkMoment': None, 'imgMoment': None, 'clockMoment': None, 'videoMoment': None, 'createdAt': 1703472679000, 'circle': None, 'editTime': 1703472679000}",[],"{'voteId': 0, 'withVote': False, 'voteTitle': None, 'voteType': None}","{'likeCnt': 3, 'followCnt': 1, 'commentCnt': 7, 'viewCnt': 971, 'totalCommentCnt': 10, 'shareCnt': 0, 'isLike': False, 'isFollow': False}","{'trackID_var': '2cnhsoe9o4g5iv153wmu9', 'contentID_var': '2097351', 'dolphin_var': '1.703994642981E9;;;0;feed', 'trackId': '2cnhsoe9o4g5iv153wmu9', 'entityId': '740002097351', 'entityID_var': '740002097351'}",,,,,,"{'entityType': 74, 'entityId': 2097351, 'trackId': '2cnhsoe9o4g5iv153wmu9', 'extraInfo': {'trackID_var': '2cnhsoe9o4g5iv153wmu9', 'contentID_var': '2097351', 'dolphin_var': '1.703994642981E9;;;0;feed', 'trackId': '2cnhsoe9o4g5iv153wmu9', 'entityId': '740002097351', 'entityID_var': '740002097351'}}",
19,2097547,74,310872855,"{'userId': 310872855, 'nickname': '帕拉斯小猫泰酷辣', 'admin': False, 'followed': False, 'authDisplayInfo': '西北工业大学 计算机类', 'headImgUrl': 'https://static.nowcoder.com/head/header0005.png', 'gender': '女', 'headDecorateUrl': '', 'honorLevel': 6, 'honorLevelName': '飞黄腾达 Lv.5', 'honorLevelColor': 'e8ca2d', 'workTime': '2024', 'educationInfo': '西北工业大学', 'identityList': None, 'activityIconList': [], 'memberIdentity': 0, 'memberStartTime': None, 'memberEndTime': None, 'enterpriseInfo': None}",,"{'ip4': '222.90.67.208', 'ip4Location': '', 'id': 2097547, 'uuid': 'bfaca8f339524bdf918d2b031b72fbd8', 'userId': 310872855, 'title': '虽然但是', 'newTitle': None, 'content': '虽然还没有工作。但是小论文发啦！', 'newContent': None, 'type': 2, 'status': 0, 'hasEdit': False, 'isAnonymousFlag': False, 'beMyOnly': False, 'linkMoment': None, 'imgMoment': [{'src': 'https://uploadfiles.nowcoder.com/images/20231225/310872855_1703488412319/B9F85B20B25D51BB337FF8AD13E574B9', 'alt': 'd5tx3hRDbEIboZS4Hz5aYNqfhwHwbXUp.jpg', 'width': 1440, 'height': 45}], 'clockMoment': None, 'videoMoment': None, 'createdAt': 1703488420000, 'circle': None, 'editTime': 1703488420000}",[],"{'voteId': 0, 'withVote': False, 'voteTitle': None, 'voteType': None}","{'likeCnt': 60, 'followCnt': 6, 'commentCnt': 33, 'viewCnt': 4425, 'totalCommentCnt': 34, 'shareCnt': 0, 'isLike': False, 'isFollow': False}","{'trackID_var': '2cnhsoe9o4g5iv153wmu9', 'contentID_var': '2097547', 'dolphin_var': '1.70399464298E9;;;0;feed', 'trackId': '2cnhsoe9o4g5iv153wmu9', 'entityId': '740002097547', 'entityID_var': '740002097547'}",,,,,,"{'entityType': 74, 'entityId': 2097547, 'trackId': '2cnhsoe9o4g5iv153wmu9', 'extraInfo': {'trackID_var': '2cnhsoe9o4g5iv153wmu9', 'contentID_var': '2097547', 'dolphin_var': '1.70399464298E9;;;0;feed', 'trackId': '2cnhsoe9o4g5iv153wmu9', 'entityId': '740002097547', 'entityID_var': '740002097547'}}","[{'recommendReason': 'Java岗位热议', 'type': 'JOB_HOT'}]"
